feature	coefficient
per_gop	-0.06274234677147376
per_BIPOC	-0.02455274040249172
med_household_income	0.011472643019376559
per_uninsured	-0.007343826337571003
primarycarephysicians_ratio	-0.005756823677531135
per_18andyounger	0.005306662363992815
per_broadband	0.005269509713985704
per_somecollege	0.005130167095860809
per_unemployed	0.003919275433803131
